{"cameraMode":{"drawMode":0,"name":"Shaded","section":"Shading Mode"},"sceneLighting":true,"audioPlay":false,"sceneViewState":{"showFog":true,"showMaterialUpdate":false,"showSkybox":false,"showFlares":true,"showImageEffects":true,"showParticleSystems":true},"in2DMode":false,"pivot":{"x":9.944910049438477,"y":7.206762313842773,"z":-5.2825422286987309},"rotation":{"x":-0.304377943277359,"y":0.011998207308351994,"z":-0.0038335577119141819,"w":-0.9524680972099304},"size":6.588334560394287,"orthographic":false}